channelName,channelId,videoId,thumbnailUrl,datePublished,title,duration,viewCount,likeCount,commentCount
@LaLiga,UCTv-XvfzLX3i4IGWAm4sbmA,VN8gikW4ZHE,https://i.ytimg.com/vi/VN8gikW4ZHE/sddefault.jpg,2024-04-27T02:00:14Z,"ARDA G√úLER, MVP üåü",17,185140,16337,99
@LaLiga,UCTv-XvfzLX3i4IGWAm4sbmA,EqlGb5WZ7R0,https://i.ytimg.com/vi/EqlGb5WZ7R0/sddefault.jpg,2024-04-29T21:32:06Z,Is he PEDRI or is he Cubars√≠ üëÄ?,10,196928,9130,73
@LaLiga,UCTv-XvfzLX3i4IGWAm4sbmA,sMutPZupQdk,https://i.ytimg.com/vi/sMutPZupQdk/sddefault.jpg,2019-04-02T22:32:43Z,Resumen de Villarreal CF vs FC Barcelona (4-4),91,5116960,35024,1336
@LaLiga,UCTv-XvfzLX3i4IGWAm4sbmA,4W6PlaQd2rI,https://i.ytimg.com/vi/4W6PlaQd2rI/sddefault.jpg,2019-12-07T23:00:00Z,Resumen de FC Barcelona vs RCD Mallorca (5-2),90,3120712,43529,1733
@LaLiga,UCTv-XvfzLX3i4IGWAm4sbmA,pPKRSfTyquA,https://i.ytimg.com/vi/pPKRSfTyquA/sddefault.jpg,2024-04-26T21:15:10Z,REAL SOCIEDAD 0 - 1 REAL MADRID | RESUMEN LALIGA EA SPORTS,190,3030276,50608,1161
@LaLiga,UCTv-XvfzLX3i4IGWAm4sbmA,4JnLNkYboHc,https://i.ytimg.com/vi/4JnLNkYboHc/sddefault.jpg,2024-04-28T19:11:22Z,VILLARREAL CF 3 - 0 RAYO VALLECANO | RESUMEN LALIGA EA SPORTS,187,67513,1878,56
@LaLiga,UCTv-XvfzLX3i4IGWAm4sbmA,4En13frBu20,https://i.ytimg.com/vi/4En13frBu20/sddefault.jpg,2024-04-29T21:22:39Z,FC BARCELONA 4 - 2 VALENCIA CF | RESUMEN LALIGA EA SPORTS,203,3253505,72902,2066
@LaLiga,UCTv-XvfzLX3i4IGWAm4sbmA,-gx5CyDhuyE,https://i.ytimg.com/vi/-gx5CyDhuyE/sddefault.jpg,2024-04-27T14:20:07Z,UD LAS PALMAS 0 - 2 GIRONA FC | RESUMEN LALIGA EA SPORTS,183,145919,2837,63
@LaLiga,UCTv-XvfzLX3i4IGWAm4sbmA,4ddm2JiuRPs,https://i.ytimg.com/vi/4ddm2JiuRPs/sddefault.jpg,2019-03-17T23:13:21Z,Resumen de Real Betis vs FC Barcelona (1-4),91,6616303,50742,2389
@LaLiga,UCTv-XvfzLX3i4IGWAm4sbmA,JuQtqxOsmdI,https://i.ytimg.com/vi/JuQtqxOsmdI/sddefault.jpg,2021-08-11T10:00:09Z,TOP 10 GOLES DE JUGADA INDIVIDUAL Cristiano Ronaldo LaLiga Santander,397,2109714,46810,1857
@LaLiga,UCTv-XvfzLX3i4IGWAm4sbmA,TU6zM63GuLo,https://i.ytimg.com/vi/TU6zM63GuLo/sddefault.jpg,2020-10-24T16:58:31Z,Highlights FC Barcelona vs Real Madrid (1-3),91,5856597,54846,3088
@LaLiga,UCTv-XvfzLX3i4IGWAm4sbmA,92n63SGTaH0,https://i.ytimg.com/vi/92n63SGTaH0/sddefault.jpg,2024-04-27T21:25:57Z,ATL√âTICO DE MADRID 3 - 1 ATHLETIC CLUB | RESUMEN LALIGA EA SPORTS,186,548315,10134,204
@LaLiga,UCTv-XvfzLX3i4IGWAm4sbmA,do9qLAcAHHc,https://i.ytimg.com/vi/do9qLAcAHHc/sddefault.jpg,2024-04-27T16:20:54Z,UD ALMER√çA 1 - 3 GETAFE CF | RESUMEN LALIGA EA SPORTS,186,171540,3598,254
@LaLiga,UCTv-XvfzLX3i4IGWAm4sbmA,hRHrV9ts7hk,https://i.ytimg.com/vi/hRHrV9ts7hk/sddefault.jpg,2024-04-28T21:16:09Z,REAL BETIS 1 - 1 SEVILLA FC | RESUMEN LALIGA EA SPORTS,192,205605,3991,172
@LaLiga,UCTv-XvfzLX3i4IGWAm4sbmA,fkIkUltFhio,https://i.ytimg.com/vi/fkIkUltFhio/sddefault.jpg,2020-03-27T11:00:19Z,TOP 10 GOALS Carlos Vela,324,216756,4764,305
@LaLiga,UCTv-XvfzLX3i4IGWAm4sbmA,WULGRJO42n8,https://i.ytimg.com/vi/WULGRJO42n8/sddefault.jpg,2024-04-28T14:49:08Z,C√ÅDIZ CF 1 - 1 RCD MALLORCA | RESUMEN LALIGA EA SPORTS,184,31908,891,21
@LaLiga,UCTv-XvfzLX3i4IGWAm4sbmA,WDwyOrBazXY,https://i.ytimg.com/vi/WDwyOrBazXY/sddefault.jpg,2020-02-17T11:00:08Z,TOP 10 GOALS LaLiga James Rodr√≠guez,312,1341200,29997,925
@LaLiga,UCTv-XvfzLX3i4IGWAm4sbmA,WbZIBiVTU04,https://i.ytimg.com/vi/WbZIBiVTU04/sddefault.jpg,2019-10-31T00:36:30Z,Resumen de Real Madrid vs CD Legan√©s (5-0),91,2498587,17996,643
@LaLiga,UCTv-XvfzLX3i4IGWAm4sbmA,VuViTGJ-EHA,https://i.ytimg.com/vi/VuViTGJ-EHA/sddefault.jpg,2020-07-11T20:37:59Z,Highlights Real Valladolid vs FC Barcelona (0-1),91,1442583,5638,256
@LaLiga,UCTv-XvfzLX3i4IGWAm4sbmA,SmKknhp0QRQ,https://i.ytimg.com/vi/SmKknhp0QRQ/sddefault.jpg,2020-07-19T22:03:24Z,Resumen de CD Legan√©s vs Real Madrid (2-2),91,814931,10694,1058
@LaLiga,UCTv-XvfzLX3i4IGWAm4sbmA,Wje7tJTqe4c,https://i.ytimg.com/vi/Wje7tJTqe4c/sddefault.jpg,2020-06-13T22:00:05Z,Resumen de RCD Espanyol vs Deportivo Alav√©s (2-0),91,185563,2608,116
@LaLiga,UCTv-XvfzLX3i4IGWAm4sbmA,mR3Fam1PAZk,https://i.ytimg.com/vi/mR3Fam1PAZk/sddefault.jpg,2020-06-12T23:13:15Z,Resumen Valencia CF vs Levante UD (1-1),90,317299,4680,302
@LaLiga,UCTv-XvfzLX3i4IGWAm4sbmA,2KXXZMH1v6o,https://i.ytimg.com/vi/2KXXZMH1v6o/sddefault.jpg,2020-09-13T22:00:01Z,Resumen de Valencia CF vs Levante UD (4-2),90,493767,8455,381
@LaLiga,UCTv-XvfzLX3i4IGWAm4sbmA,zd2k8FsXznc,https://i.ytimg.com/vi/zd2k8FsXznc/sddefault.jpg,2020-10-17T17:18:20Z,Highlights RC Celta vs Atletico Madrid (0-2),90,291017,2035,70
@LaLiga,UCTv-XvfzLX3i4IGWAm4sbmA,lViBPwVVYi4,https://i.ytimg.com/vi/lViBPwVVYi4/sddefault.jpg,2019-05-18T22:00:03Z,Resumen de RCD Espanyol vs Real Sociedad (2-0),91,193116,2122,169
@LaLiga,UCTv-XvfzLX3i4IGWAm4sbmA,kLczQR0SiZg,https://i.ytimg.com/vi/kLczQR0SiZg/sddefault.jpg,2020-10-31T20:11:50Z,Highlights CA Osasuna vs Atletico Madrid (1-3),91,348721,2574,184
@LaLiga,UCTv-XvfzLX3i4IGWAm4sbmA,uwc1Mn0nQxQ,https://i.ytimg.com/vi/uwc1Mn0nQxQ/sddefault.jpg,2019-02-23T23:00:04Z,Resumen de Sevilla FC vs FC Barcelona (2-4),90,3106567,26409,857
@LaLiga,UCTv-XvfzLX3i4IGWAm4sbmA,0BPeG8JxWf8,https://i.ytimg.com/vi/0BPeG8JxWf8/sddefault.jpg,2020-11-28T18:14:09Z,Highlights Valencia CF vs Atletico Madrid (0-1),91,219850,1328,63
@LaLiga,UCTv-XvfzLX3i4IGWAm4sbmA,DUk3ko1Ryo0,https://i.ytimg.com/vi/DUk3ko1Ryo0/sddefault.jpg,2019-10-05T22:00:00Z,Resumen de CA Osasuna vs Villarreal CF (2-1),90,227145,2343,53
@LaLiga,UCTv-XvfzLX3i4IGWAm4sbmA,OnJnR5Vrf-4,https://i.ytimg.com/vi/OnJnR5Vrf-4/sddefault.jpg,2024-05-02T16:00:19Z,La espectacular chilena de JO√ÉO F√âLIX ü§© | Los mejores GOLES de ABRIL,485,21353,506,26
@LaLiga,UCTv-XvfzLX3i4IGWAm4sbmA,DJO8g1wxSP8,https://i.ytimg.com/vi/DJO8g1wxSP8/sddefault.jpg,2020-06-25T23:09:00Z,Resumen de Real Betis vs RCD Espabnyol (1-0),90,165100,2883,303
@LaLiga,UCTv-XvfzLX3i4IGWAm4sbmA,RVriZRq6MtE,https://i.ytimg.com/vi/RVriZRq6MtE/sddefault.jpg,2020-12-19T16:01:14Z,Highlights Atletico Madrid vs Elche CF (3-1),90,226561,1941,145
@LaLiga,UCTv-XvfzLX3i4IGWAm4sbmA,DO7d8O3ivRc,https://i.ytimg.com/vi/DO7d8O3ivRc/sddefault.jpg,2020-06-19T22:45:34Z,Resumen de Sevilla FC vs FC Barcelona (0-0),91,807546,9775,1032
@LaLiga,UCTv-XvfzLX3i4IGWAm4sbmA,ItLBMGhuRto,https://i.ytimg.com/vi/ItLBMGhuRto/sddefault.jpg,2019-05-05T22:00:01Z,Resumen de Real Madrid vs Villarreal CF (3-2),91,1415030,7141,336
@LaLiga,UCTv-XvfzLX3i4IGWAm4sbmA,7gpm4o9XpmE,https://i.ytimg.com/vi/7gpm4o9XpmE/sddefault.jpg,2021-07-21T15:00:11Z,BEST FREE KICK GOALS Cristiano Ronaldo LaLiga Santander,396,621473,18359,1106
@LaLiga,UCTv-XvfzLX3i4IGWAm4sbmA,C6hwIB7R28k,https://i.ytimg.com/vi/C6hwIB7R28k/sddefault.jpg,2020-12-05T20:22:00Z,Highlights Atletico Madrid vs Real Valladolid (2-0),90,308058,1879,113
@LaLiga,UCTv-XvfzLX3i4IGWAm4sbmA,VDy_hdsG3QU,https://i.ytimg.com/vi/VDy_hdsG3QU/sddefault.jpg,2018-10-05T22:00:03Z,Resumen de Athletic Club vs Real Sociedad (1-3),98,304093,2811,253
@LaLiga,UCTv-XvfzLX3i4IGWAm4sbmA,xvH_GAIs27E,https://i.ytimg.com/vi/xvH_GAIs27E/sddefault.jpg,2020-07-09T23:15:59Z,Highlights Athletic Club vs Sevilla FC (1-2),91,146349,969,56
@LaLiga,UCTv-XvfzLX3i4IGWAm4sbmA,zP48hK6zQEQ,https://i.ytimg.com/vi/zP48hK6zQEQ/sddefault.jpg,2019-03-10T23:00:11Z,Resumen de Girona FC vs Valencia CF (2-3),91,195516,1637,54
@LaLiga,UCTv-XvfzLX3i4IGWAm4sbmA,3pZmI7SmKxw,https://i.ytimg.com/vi/3pZmI7SmKxw/sddefault.jpg,2020-06-23T20:36:14Z,Highlights Levante UD vs Atl√©tico de Madrid (0-1),90,172993,996,57
@LaLiga,UCTv-XvfzLX3i4IGWAm4sbmA,VA4cKJ3ysuI,https://i.ytimg.com/vi/VA4cKJ3ysuI/sddefault.jpg,2019-11-02T23:00:02Z,Resumen de Levante UD vs FC Barcelona (3-1),91,939692,7393,564
@LaLiga,UCTv-XvfzLX3i4IGWAm4sbmA,1_6acQDcg3Y,https://i.ytimg.com/vi/1_6acQDcg3Y/sddefault.jpg,2018-09-29T22:00:02Z,Resumen de SD Eibar vs Sevilla FC (1-3),97,216504,1996,91
@LaLiga,UCTv-XvfzLX3i4IGWAm4sbmA,5-nlk-aRS0E,https://i.ytimg.com/vi/5-nlk-aRS0E/sddefault.jpg,2019-05-04T22:00:01Z,Resumen de RCD Espanyol vs Atl√©tico de Madrid (3-0),91,436788,3226,140
@LaLiga,UCTv-XvfzLX3i4IGWAm4sbmA,HQa9CpO8MW4,https://i.ytimg.com/vi/HQa9CpO8MW4/sddefault.jpg,2021-02-26T23:00:04Z,Resumen de Levante UD vs Athletic Club (1-1),91,216627,2695,299
@LaLiga,UCTv-XvfzLX3i4IGWAm4sbmA,ZKBU_ArynLc,https://i.ytimg.com/vi/ZKBU_ArynLc/sddefault.jpg,2020-06-17T22:44:41Z,Resumen de CA Osasuna vs Atl√©tico de Madrid (0-5),91,1009084,14320,495
@LaLiga,UCTv-XvfzLX3i4IGWAm4sbmA,G0WBqAa5Vs8,https://i.ytimg.com/vi/G0WBqAa5Vs8/sddefault.jpg,2020-09-13T22:04:03Z,Highlights Valencia CF vs Levante UD (4-2),90,191744,2486,135
@LaLiga,UCTv-XvfzLX3i4IGWAm4sbmA,E4w6TWduV5Q,https://i.ytimg.com/vi/E4w6TWduV5Q/sddefault.jpg,2024-04-29T10:00:12Z,FEDE VALVERDE: TODOS sus GOLES en LALIGA EA SPORTS,483,105649,3107,79
@LaLiga,UCTv-XvfzLX3i4IGWAm4sbmA,s6ELlzwTdpM,https://i.ytimg.com/vi/s6ELlzwTdpM/sddefault.jpg,2020-05-06T10:00:28Z,TOP 25 GOALS Diego Costa en LaLiga Santander,904,364932,6513,465
@LaLiga,UCTv-XvfzLX3i4IGWAm4sbmA,DuJTlHexUNs,https://i.ytimg.com/vi/DuJTlHexUNs/sddefault.jpg,2022-06-09T11:00:14Z,TOP 10 GOALS Vini Jr. LaLiga Santander,437,365191,11021,257
@LaLiga,UCTv-XvfzLX3i4IGWAm4sbmA,VVLBIpdl5rQ,https://i.ytimg.com/vi/VVLBIpdl5rQ/sddefault.jpg,2021-01-08T23:00:06Z,Resumen de RC Celta vs Villarreal CF (0-4),91,373558,5604,369
@LaLiga,UCTv-XvfzLX3i4IGWAm4sbmA,2Wbz3uJGIWw,https://i.ytimg.com/vi/2Wbz3uJGIWw/sddefault.jpg,2020-06-11T22:58:37Z,Highlights Sevilla FC vs Real Betis (2-0),91,430164,4783,176
@LaLiga,UCTv-XvfzLX3i4IGWAm4sbmA,72wk-pdyI8o,https://i.ytimg.com/vi/72wk-pdyI8o/sddefault.jpg,2021-01-11T23:00:03Z,Resumen de Elche CF vs Getafe CF (1-3),91,193693,3337,174
@LaLiga,UCTv-XvfzLX3i4IGWAm4sbmA,-nWy6ZAkRlE,https://i.ytimg.com/vi/-nWy6ZAkRlE/sddefault.jpg,2021-03-06T23:00:00Z,Resumen de Elche CF vs Sevilla FC (2-1),91,253223,3787,330
@LaLiga,UCTv-XvfzLX3i4IGWAm4sbmA,hGwHcucHO8I,https://i.ytimg.com/vi/hGwHcucHO8I/sddefault.jpg,2020-12-29T23:00:11Z,Resumen de FC Barcelona vs SD Eibar (1-1),91,1323203,11833,1125
@LaLiga,UCTv-XvfzLX3i4IGWAm4sbmA,oridAMFK-r8,https://i.ytimg.com/vi/oridAMFK-r8/sddefault.jpg,2020-10-24T22:17:30Z,Highlights Atletico Madrid vs Real Betis (2-0),91,1001080,7234,239
@LaLiga,UCTv-XvfzLX3i4IGWAm4sbmA,nR9gwygTE4c,https://i.ytimg.com/vi/nR9gwygTE4c/sddefault.jpg,2019-12-14T22:53:15Z,Highlights Atletico Madrid vs CA Osasuna (2-0),91,279880,1385,41
@LaLiga,UCTv-XvfzLX3i4IGWAm4sbmA,B3mN0JyEsCc,https://i.ytimg.com/vi/B3mN0JyEsCc/sddefault.jpg,2019-05-03T22:00:00Z,Resumen de Sevilla FC vs CD Legan√©s (0-3),90,189302,2400,104
@LaLiga,UCTv-XvfzLX3i4IGWAm4sbmA,6yhROOLOXjw,https://i.ytimg.com/vi/6yhROOLOXjw/sddefault.jpg,2020-11-01T23:00:01Z,Resumen de RC Celta vs Real Sociedad (1-4),91,192140,3088,140
@LaLiga,UCTv-XvfzLX3i4IGWAm4sbmA,vgX6mETogA0,https://i.ytimg.com/vi/vgX6mETogA0/sddefault.jpg,2019-05-19T17:35:07Z,Highlights SD Eibar vs FC Barcelona (2-2),91,250840,2030,137
@LaLiga,UCTv-XvfzLX3i4IGWAm4sbmA,hqXKAKVg-u8,https://i.ytimg.com/vi/hqXKAKVg-u8/sddefault.jpg,2021-01-09T23:04:05Z,Resumen de CA Osasuna vs Real Madrid (0-0),91,828504,6376,751
@LaLiga,UCTv-XvfzLX3i4IGWAm4sbmA,fAxYpVB8k-I,https://i.ytimg.com/vi/fAxYpVB8k-I/sddefault.jpg,2020-11-08T23:00:13Z,Resumen de Real Valladolid vs Athletic Club (2-1),90,149783,2091,122
@LaLiga,UCTv-XvfzLX3i4IGWAm4sbmA,WtUdoeVnNYs,https://i.ytimg.com/vi/WtUdoeVnNYs/sddefault.jpg,2020-10-31T23:00:05Z,Resumen de CA Osasuna vs Atl√©tico de Madrid (1-3),91,559008,7433,263
@LaLiga,UCTv-XvfzLX3i4IGWAm4sbmA,_EVk6Mo_sKA,https://i.ytimg.com/vi/_EVk6Mo_sKA/sddefault.jpg,2019-08-30T22:00:08Z,Resumen de Sevilla FC vs RC Celta (1-1),91,313501,3749,220
@LaLiga,UCTv-XvfzLX3i4IGWAm4sbmA,CEArQE2sdrY,https://i.ytimg.com/vi/CEArQE2sdrY/sddefault.jpg,2020-12-30T23:00:02Z,Resumen de Elche CF vs Real Madrid (1-1),91,1102650,8473,709
@LaLiga,UCTv-XvfzLX3i4IGWAm4sbmA,2-8qTwJayOE,https://i.ytimg.com/vi/2-8qTwJayOE/sddefault.jpg,2019-11-03T23:00:01Z,Resumen de CA Osasuna vs Deportivo Alav√©s (4-2),91,189450,1685,48
@LaLiga,UCTv-XvfzLX3i4IGWAm4sbmA,7ZeFg6qB3hg,https://i.ytimg.com/vi/7ZeFg6qB3hg/sddefault.jpg,2019-12-14T23:00:00Z,Resumen de Real Sociedad vs FC Barcelona (2-2),90,946203,8090,662
@LaLiga,UCTv-XvfzLX3i4IGWAm4sbmA,Rmrd5Y41Yh8,https://i.ytimg.com/vi/Rmrd5Y41Yh8/sddefault.jpg,2021-02-08T22:54:46Z,Highlights Atl√©tico de Madrid vs RC Celta (2-2),90,331691,4156,251
@LaLiga,UCTv-XvfzLX3i4IGWAm4sbmA,PhwN7dHWiSU,https://i.ytimg.com/vi/PhwN7dHWiSU/sddefault.jpg,2020-11-21T23:00:03Z,Resumen de Sevilla FC vs RC Celta (4-2),91,297909,4739,222
@LaLiga,UCTv-XvfzLX3i4IGWAm4sbmA,RBjIOslkMrQ,https://i.ytimg.com/vi/RBjIOslkMrQ/sddefault.jpg,2020-06-14T23:13:54Z,Resumen de Real Sociedad vs CA Osasuna (1-1),91,199679,3452,94
@LaLiga,UCTv-XvfzLX3i4IGWAm4sbmA,PeyeVGzsBFM,https://i.ytimg.com/vi/PeyeVGzsBFM/sddefault.jpg,2019-01-27T21:23:00Z,Highlights Girona FC vs FC Barcelona (0-2),91,433976,3122,103
@LaLiga,UCTv-XvfzLX3i4IGWAm4sbmA,cwfjm3l1X3Y,https://i.ytimg.com/vi/cwfjm3l1X3Y/sddefault.jpg,2021-01-12T23:15:34Z,Highlights Atl√©tico de Madrid vs Sevilla FC (2-0),91,327152,3827,294
@LaLiga,UCTv-XvfzLX3i4IGWAm4sbmA,9CKykPCSDNg,https://i.ytimg.com/vi/9CKykPCSDNg/sddefault.jpg,2020-06-15T22:44:02Z,Resumen de Real Betis vs Granada CF (2-2),91,331661,6025,322
@LaLiga,UCTv-XvfzLX3i4IGWAm4sbmA,KTuhXENadgg,https://i.ytimg.com/vi/KTuhXENadgg/sddefault.jpg,2020-06-11T22:55:55Z,Resumen de Sevilla FC vs Real Betis (2-0),91,621579,9900,744
@LaLiga,UCTv-XvfzLX3i4IGWAm4sbmA,S0gRKSpB0VQ,https://i.ytimg.com/vi/S0gRKSpB0VQ/sddefault.jpg,2019-11-23T15:59:30Z,Highlights CD Leganes vs FC Barcelona (1-2),91,1389920,4320,186
@LaLiga,UCTv-XvfzLX3i4IGWAm4sbmA,rbi5z_MNak4,https://i.ytimg.com/vi/rbi5z_MNak4/sddefault.jpg,2020-12-22T22:00:58Z,Highlights Real Sociedad vs Atl√©tico de Madrid (0-2),91,170041,1495,55
@LaLiga,UCTv-XvfzLX3i4IGWAm4sbmA,6W5XscqQBR0,https://i.ytimg.com/vi/6W5XscqQBR0/sddefault.jpg,2019-08-17T23:38:58Z,Resumen de CD Legan√©s vs CA Osasuna (0-1),90,230252,2676,175
@LaLiga,UCTv-XvfzLX3i4IGWAm4sbmA,C9MddutxAfo,https://i.ytimg.com/vi/C9MddutxAfo/sddefault.jpg,2021-02-07T23:00:07Z,Resumen de Athletic Club vs Valencia CF (1-1),91,192029,2631,93
@LaLiga,UCTv-XvfzLX3i4IGWAm4sbmA,Hz0NyGcHe6I,https://i.ytimg.com/vi/Hz0NyGcHe6I/sddefault.jpg,2019-08-18T22:00:00Z,Resumen de RCD Espanyol vs Sevilla FC (0-2),90,309004,4068,130
@LaLiga,UCTv-XvfzLX3i4IGWAm4sbmA,XYf4T6tx_Pw,https://i.ytimg.com/vi/XYf4T6tx_Pw/sddefault.jpg,2020-06-23T22:47:16Z,Resumen de FC Barcelona vs Athletic Club (1-0),90,1173319,19468,1195
@LaLiga,UCTv-XvfzLX3i4IGWAm4sbmA,X8920O8SQWU,https://i.ytimg.com/vi/X8920O8SQWU/sddefault.jpg,2020-03-08T23:00:03Z,Resumen de Real Valladolid vs Athletic Club (1-4),91,182428,2206,74
@LaLiga,UCTv-XvfzLX3i4IGWAm4sbmA,Xp218fcO_Ig,https://i.ytimg.com/vi/Xp218fcO_Ig/sddefault.jpg,2020-02-28T23:00:04Z,Resumen de Real Sociedad vs Real Valladolid (1-0),91,259267,2478,61
@LaLiga,UCTv-XvfzLX3i4IGWAm4sbmA,rnMK67GGOH8,https://i.ytimg.com/vi/rnMK67GGOH8/sddefault.jpg,2020-06-23T22:00:24Z,Resumen de Levante UD vs Atl√©tico de Madrid (0-1),90,218195,3522,122
@LaLiga,UCTv-XvfzLX3i4IGWAm4sbmA,de_K3PmTe1Q,https://i.ytimg.com/vi/de_K3PmTe1Q/sddefault.jpg,2020-09-26T22:00:07Z,Resumen de Real Betis vs Real Madrid (2-3),91,1661629,18077,3801
@LaLiga,UCTv-XvfzLX3i4IGWAm4sbmA,TEiFGrhqrFs,https://i.ytimg.com/vi/TEiFGrhqrFs/sddefault.jpg,2019-08-18T20:02:16Z,Highlights RCD Espanyol vs Sevilla FC (0-2),90,119225,813,21
@LaLiga,UCTv-XvfzLX3i4IGWAm4sbmA,0v5OTX1LNHQ,https://i.ytimg.com/vi/0v5OTX1LNHQ/sddefault.jpg,2019-03-02T23:00:01Z,Resumen de SD Huesca vs Sevilla FC (2-1),90,199380,1915,166
@LaLiga,UCTv-XvfzLX3i4IGWAm4sbmA,aPkNdUipae0,https://i.ytimg.com/vi/aPkNdUipae0/sddefault.jpg,2020-09-27T22:00:00Z,Resumen de C√°diz CF vs Sevilla FC (1-3),91,324932,5536,297
@LaLiga,UCTv-XvfzLX3i4IGWAm4sbmA,NYTgiDhR9S8,https://i.ytimg.com/vi/NYTgiDhR9S8/sddefault.jpg,2020-02-02T23:03:07Z,Resumen de FC Barcelona vs Levante UD (2-1),91,2561967,18946,584
@LaLiga,UCTv-XvfzLX3i4IGWAm4sbmA,h6a0ikvHK9A,https://i.ytimg.com/vi/h6a0ikvHK9A/sddefault.jpg,2021-01-23T22:40:45Z,Highlights Deportivo Alav√©s vs Real Madrid (1-4),91,1060696,10743,277
@LaLiga,UCTv-XvfzLX3i4IGWAm4sbmA,ZpPFL5Bx9GM,https://i.ytimg.com/vi/ZpPFL5Bx9GM/sddefault.jpg,2020-06-12T23:21:50Z,Highlights Valencia CF vs Levante UD (1-1),90,165261,1742,74
@LaLiga,UCTv-XvfzLX3i4IGWAm4sbmA,R5OUO1hLPGE,https://i.ytimg.com/vi/R5OUO1hLPGE/sddefault.jpg,2020-02-08T22:47:42Z,Highlights Atletico Madrid vs Granada CF (1-0),90,247666,744,9
@LaLiga,UCTv-XvfzLX3i4IGWAm4sbmA,gGm0PsvHWZc,https://i.ytimg.com/vi/gGm0PsvHWZc/sddefault.jpg,2021-03-07T23:00:21Z,Resumen de SD Huesca vs RC Celta (3-4),97,215222,3883,93
@LaLiga,UCTv-XvfzLX3i4IGWAm4sbmA,jkv-VIrgPNY,https://i.ytimg.com/vi/jkv-VIrgPNY/sddefault.jpg,2020-06-13T22:52:12Z,Highlights RCD Mallorca vs FC Barcelona (0-4),90,3030207,33826,1126
@LaLiga,UCTv-XvfzLX3i4IGWAm4sbmA,GqbEUbgh6yE,https://i.ytimg.com/vi/GqbEUbgh6yE/sddefault.jpg,2020-09-30T22:21:17Z,Highlights Real Madrid vs Real Valladolid (1-0),91,1153837,8693,385
@LaLiga,UCTv-XvfzLX3i4IGWAm4sbmA,QKbZavnfI2Y,https://i.ytimg.com/vi/QKbZavnfI2Y/sddefault.jpg,2020-12-29T23:00:05Z,Resumen de Levante UD vs Real Betis (4-3),91,354195,4486,246
@LaLiga,UCTv-XvfzLX3i4IGWAm4sbmA,y95LIZxRib0,https://i.ytimg.com/vi/y95LIZxRib0/sddefault.jpg,2021-01-25T23:00:30Z,Resumen de Athletic Club vs Getafe CF (5-1),91,481998,7534,440
@LaLiga,UCTv-XvfzLX3i4IGWAm4sbmA,pP2FB9WKKM4,https://i.ytimg.com/vi/pP2FB9WKKM4/sddefault.jpg,2020-06-14T21:41:24Z,Highlights Real Madrid vs SD Eibar (3-1),90,1130970,16871,681
@LaLiga,UCTv-XvfzLX3i4IGWAm4sbmA,9ttuDqve-HU,https://i.ytimg.com/vi/9ttuDqve-HU/sddefault.jpg,2021-02-20T23:00:01Z,Resumen de Valencia CF vs RC Celta (2-0),91,274040,3647,176
@LaLiga,UCTv-XvfzLX3i4IGWAm4sbmA,d98011bCuzw,https://i.ytimg.com/vi/d98011bCuzw/sddefault.jpg,2020-07-09T23:07:37Z,Resumen de Athletic Club vs Sevilla FC (1-2),91,285763,4180,432
@LaLiga,UCTv-XvfzLX3i4IGWAm4sbmA,cxvASco-64U,https://i.ytimg.com/vi/cxvASco-64U/sddefault.jpg,2021-02-20T23:00:10Z,Resumen de Atl√©tico de Madrid vs Levante UD (0-2),91,760327,8838,692
@LaLiga,UCTv-XvfzLX3i4IGWAm4sbmA,9USQ82ERdN0,https://i.ytimg.com/vi/9USQ82ERdN0/sddefault.jpg,2020-07-16T23:26:55Z,Highlights Getafe CF vs Atletico Madrid (0-2),91,290384,1950,118
@bundesliga,UC6UL29enLNe4mqwTfAyeNuw,lv9cGs4ZsMg,https://i.ytimg.com/vi/lv9cGs4ZsMg/sddefault.jpg,2022-05-29T10:00:38Z,Upamecano Enters the Stadium üò≥üòú,11,60211784,1600504,9065
@bundesliga,UC6UL29enLNe4mqwTfAyeNuw,Jh9E1s3YdK4,https://i.ytimg.com/vi/Jh9E1s3YdK4/sddefault.jpg,2016-10-04T22:00:00Z,Power Serge - Gnabry Surprises Own Teammates With His Pace,31,307814,2306,109
@bundesliga,UC6UL29enLNe4mqwTfAyeNuw,UN1--fRloUI,https://i.ytimg.com/vi/UN1--fRloUI/sddefault.jpg,2024-04-27T18:57:25Z,MADNESS!!ü§Øü§Øü§Ø Leverkusen just cannot lose!,60,515891,27970,266
@bundesliga,UC6UL29enLNe4mqwTfAyeNuw,tz8Kv7ulpO8,https://i.ytimg.com/vi/tz8Kv7ulpO8/sddefault.jpg,2024-04-27T18:35:24Z,THEY DID IT AGAIN! The Streak Continues! | Bayer 04 Leverkusen - VfB Stuttgart 2-2 | Highlights,65,1239786,18741,976
@bundesliga,UC6UL29enLNe4mqwTfAyeNuw,Miggq1DEZG4,https://i.ytimg.com/vi/Miggq1DEZG4/sddefault.jpg,2024-04-26T18:46:00Z,St.Pauli Takes The Lead In The Table! | St. Pauli - Rostock 1-0 | Highlights | MD31 - Bundesliga 2,62,16544,521,27
@bundesliga,UC6UL29enLNe4mqwTfAyeNuw,w4mb8ZFKivs,https://i.ytimg.com/vi/w4mb8ZFKivs/sddefault.jpg,2024-04-26T20:47:14Z,Bochum Fights Against Relegation! | VfL Bochum - TSG Hoffenheim | Highlights | MD31 Bundesliga 23/24,67,55773,1087,28
@bundesliga,UC6UL29enLNe4mqwTfAyeNuw,JtPztN6XXt4,https://i.ytimg.com/vi/JtPztN6XXt4/sddefault.jpg,2024-04-28T17:54:34Z,Last-minute goal! FC Still With Hope? | 1. FSV Mainz 05 - 1. FC K√∂ln 1-1 | Highlights | Matchday 31,63,34344,634,36
@bundesliga,UC6UL29enLNe4mqwTfAyeNuw,l8HOkqCYmko,https://i.ytimg.com/vi/l8HOkqCYmko/sddefault.jpg,2024-04-27T16:07:36Z,BVB Drop Points for Champions League Spots | RB Leipzig - Borussia Dortmund 4-1,62,185073,3046,164
@bundesliga,UC6UL29enLNe4mqwTfAyeNuw,tNHLdze0rYA,https://i.ytimg.com/vi/tNHLdze0rYA/sddefault.jpg,2024-04-27T15:40:41Z,Kane & FCB are Ready for Real Madrid! | FC Bayern M√ºnchen - Eintracht Frankfurt 2-1 | Bundesliga,64,498563,6244,324
@bundesliga,UC6UL29enLNe4mqwTfAyeNuw,rgy-JQeO3S0,https://i.ytimg.com/vi/rgy-JQeO3S0/sddefault.jpg,2024-04-28T19:36:51Z,Dovedan Gets The Late Winner | Darmstadt 98 - 1. FC Heidenheim 0-1 | Highlights | MD 31 - BL 23/24,63,21874,654,27
@bundesliga,UC6UL29enLNe4mqwTfAyeNuw,HUHK5LhXuDQ,https://i.ytimg.com/vi/HUHK5LhXuDQ/sddefault.jpg,2021-05-22T15:44:44Z,41 Goals - Robert Lewandowski New Record Scorer,64,527164,13784,860
@bundesliga,UC6UL29enLNe4mqwTfAyeNuw,VczzsJZMiTI,https://i.ytimg.com/vi/VczzsJZMiTI/sddefault.jpg,2022-07-24T10:00:31Z,The Story of Yann Sommer - Powered by 442oons,156,150000,4512,131
@bundesliga,UC6UL29enLNe4mqwTfAyeNuw,WXbMlzgXSOE,https://i.ytimg.com/vi/WXbMlzgXSOE/sddefault.jpg,2020-05-20T13:25:34Z,Manuel Neuer - Top 5 Saves,138,399453,10288,322
@bundesliga,UC6UL29enLNe4mqwTfAyeNuw,350k5xVoNYc,https://i.ytimg.com/vi/350k5xVoNYc/sddefault.jpg,2022-04-21T11:00:26Z,HAALAND Magic ü™Ñ with Jude Bellingham,11,9181995,319590,472
@bundesliga,UC6UL29enLNe4mqwTfAyeNuw,unBdGVOBqJM,https://i.ytimg.com/vi/unBdGVOBqJM/sddefault.jpg,2020-05-15T15:00:28Z,5 Ways To Stop Erling Haaland From Scoring Goals - Powered by 442oons,161,1302065,21138,864
@bundesliga,UC6UL29enLNe4mqwTfAyeNuw,l0C5u93sayA,https://i.ytimg.com/vi/l0C5u93sayA/sddefault.jpg,2024-04-26T10:00:43Z,HRADECKY Did The Bundesliga Logo! ü§∏‚Äç‚ôÇÔ∏è‚öΩÔ∏è,11,298721,13220,92
@bundesliga,UC6UL29enLNe4mqwTfAyeNuw,DRasKyt5Er4,https://i.ytimg.com/vi/DRasKyt5Er4/sddefault.jpg,2019-04-28T22:00:02Z,Makoto Hasebe (Èï∑Ë∞∑ÈÉ® Ë™†) - Top 5 Goal-Line Clearances,143,416868,5389,255
@bundesliga,UC6UL29enLNe4mqwTfAyeNuw,dlIBwGD8bTc,https://i.ytimg.com/vi/dlIBwGD8bTc/sddefault.jpg,2022-07-01T10:06:37Z,Stefan Ortega | World-Class Goalkeeper Skills & Saves,123,117944,2978,137
@bundesliga,UC6UL29enLNe4mqwTfAyeNuw,h1g21RRlazo,https://i.ytimg.com/vi/h1g21RRlazo/sddefault.jpg,2021-08-15T12:40:41Z,Robert Lewandowski - Top 5 Goals (All Time) ‚Ä¢ FC Bayern M√ºnchen,133,388589,8600,289
@bundesliga,UC6UL29enLNe4mqwTfAyeNuw,9dPQiXa73bM,https://i.ytimg.com/vi/9dPQiXa73bM/sddefault.jpg,2020-11-07T11:00:02Z,What makes Joshua Kimmich so good? | Tactical Analysis,229,592913,18858,452
@bundesliga,UC6UL29enLNe4mqwTfAyeNuw,vrXoQKmZui8,https://i.ytimg.com/vi/vrXoQKmZui8/sddefault.jpg,2019-09-05T22:00:16Z,Robert Lewandowski - How To Score The Perfect Penalty,262,1646910,25940,609
@bundesliga,UC6UL29enLNe4mqwTfAyeNuw,JM8IuzdVCik,https://i.ytimg.com/vi/JM8IuzdVCik/sddefault.jpg,2021-10-08T10:03:49Z,Alphonso Davies - Best of the Canadian Speedster,184,337800,6389,278
@bundesliga,UC6UL29enLNe4mqwTfAyeNuw,oN_seyZxgH8,https://i.ytimg.com/vi/oN_seyZxgH8/sddefault.jpg,2024-04-28T22:00:31Z,LATE-MINUTE Drama Against Stuttgart | Bayer 04 Leverkusen - VfB Stuttgart 2-2 | Highlights,240,589550,7155,250
@bundesliga,UC6UL29enLNe4mqwTfAyeNuw,btRr2mKByY4,https://i.ytimg.com/vi/btRr2mKByY4/sddefault.jpg,2017-11-08T23:00:02Z,Toni Kroos - Made In Bundesliga,201,326019,6269,291
@bundesliga,UC6UL29enLNe4mqwTfAyeNuw,nK58AssP9tc,https://i.ytimg.com/vi/nK58AssP9tc/sddefault.jpg,2014-02-24T00:55:23Z,Must See! 41 Metre Missile from Calhanoglu Rounds Off Fantastic Day for Hamburg,84,5710364,56819,2992
@bundesliga,UC6UL29enLNe4mqwTfAyeNuw,downUrDRib4,https://i.ytimg.com/vi/downUrDRib4/sddefault.jpg,2021-06-30T13:00:14Z,How to Score the Perfect Penalty?,275,640672,15252,590
@bundesliga,UC6UL29enLNe4mqwTfAyeNuw,CtNrtP4uarc,https://i.ytimg.com/vi/CtNrtP4uarc/sddefault.jpg,2021-05-06T10:00:06Z,Julian Nagelsmann Tactics Explained - Tactical Analysis,221,211298,5300,234
@bundesliga,UC6UL29enLNe4mqwTfAyeNuw,zyzkbpgtO34,https://i.ytimg.com/vi/zyzkbpgtO34/sddefault.jpg,2024-04-30T06:00:22Z,Harry Kane - 35 Goals In Just 31 Games,251,21877,750,78
@bundesliga,UC6UL29enLNe4mqwTfAyeNuw,VjjifzCs3p0,https://i.ytimg.com/vi/VjjifzCs3p0/sddefault.jpg,2022-03-29T10:00:35Z,Top 10 Typical Thomas M√ºller Goals,267,363455,7884,273
@bundesliga,UC6UL29enLNe4mqwTfAyeNuw,ZCrXqy7V91M,https://i.ytimg.com/vi/ZCrXqy7V91M/sddefault.jpg,2022-06-20T10:17:12Z,The Story of Patrik Schick - Powered by 442oons,232,225406,7429,167
@bundesliga,UC6UL29enLNe4mqwTfAyeNuw,cQ_PNSAIQgk,https://i.ytimg.com/vi/cQ_PNSAIQgk/sddefault.jpg,2024-04-28T22:00:19Z,Wolves with a Comeback! | SC Freiburg - VfL Wolfsburg 1-2 | Matchday 31 ‚Äì Bundesliga 2023/24,178,37364,796,21
@bundesliga,UC6UL29enLNe4mqwTfAyeNuw,0XsAKIjQnnE,https://i.ytimg.com/vi/0XsAKIjQnnE/sddefault.jpg,2021-05-31T16:00:01Z,Gregor Kobel ‚Ä¢ Top 5 Saves from Borussia Dortmund's New Goalkeeper,174,142164,4372,170
@bundesliga,UC6UL29enLNe4mqwTfAyeNuw,job4eS2c9cA,https://i.ytimg.com/vi/job4eS2c9cA/sddefault.jpg,2022-08-08T17:37:31Z,BVB's new Striker | Anthony Modeste All Goals 2021/22,185,241667,3599,363
@bundesliga,UC6UL29enLNe4mqwTfAyeNuw,uhPufS5HWo0,https://i.ytimg.com/vi/uhPufS5HWo0/sddefault.jpg,2022-01-25T11:00:24Z,Top 5 Bizarre Rules Moments,333,3221002,4803,244
@bundesliga,UC6UL29enLNe4mqwTfAyeNuw,jx9Dm_dA9Xk,https://i.ytimg.com/vi/jx9Dm_dA9Xk/sddefault.jpg,2021-07-04T10:00:28Z,Top 10 Football Bloopers & Fails 2020/21 Season,311,294153,2433,174
@bundesliga,UC6UL29enLNe4mqwTfAyeNuw,6nznjAFPQp8,https://i.ytimg.com/vi/6nznjAFPQp8/sddefault.jpg,2020-12-26T11:00:02Z,How Hansi Flick Turned Bayern M√ºnchen Into The Best Team in Europe,306,719344,22244,896
@bundesliga,UC6UL29enLNe4mqwTfAyeNuw,Khy5kRmEe7Y,https://i.ytimg.com/vi/Khy5kRmEe7Y/sddefault.jpg,2020-02-15T23:00:06Z,Thomas M√ºller Analysis - What Makes Him Bayern's and the Past Decade's Assist King,283,495637,12588,586
@bundesliga,UC6UL29enLNe4mqwTfAyeNuw,uVSCv5f6ERw,https://i.ytimg.com/vi/uVSCv5f6ERw/sddefault.jpg,2020-08-20T15:00:30Z,"Best Of Thomas M√ºller - Best Goals, Assists, Skills & Moments",195,193896,5370,199
@bundesliga,UC6UL29enLNe4mqwTfAyeNuw,t7VaY5CXGAI,https://i.ytimg.com/vi/t7VaY5CXGAI/sddefault.jpg,2019-11-11T13:00:08Z,The Bundesliga‚Äôs Emotional Tribute to Former Germany Goalkeeper Robert Enke,107,89816,3068,95
@bundesliga,UC6UL29enLNe4mqwTfAyeNuw,2Z7dbykCNLU,https://i.ytimg.com/vi/2Z7dbykCNLU/sddefault.jpg,2022-05-14T16:04:14Z,LAST MINUTE Rescue by Endo! | VfB Stuttgart - 1. FC K√∂ln 2-1 | All Goals | Matchday 34,78,682511,8944,434
@bundesliga,UC6UL29enLNe4mqwTfAyeNuw,vuWkOIePYWU,https://i.ytimg.com/vi/vuWkOIePYWU/sddefault.jpg,2022-01-15T16:29:01Z,300 Goals | Robert Lewandowski Scores Hat-Trick vs. K√∂ln,74,182698,4315,286
@bundesliga,UC6UL29enLNe4mqwTfAyeNuw,ceoKEFu8k94,https://i.ytimg.com/vi/ceoKEFu8k94/sddefault.jpg,2020-05-17T22:00:14Z,Kai Havertz - All Goals so far,396,2026325,28858,1877
@bundesliga,UC6UL29enLNe4mqwTfAyeNuw,zH5eqij-GGw,https://i.ytimg.com/vi/zH5eqij-GGw/sddefault.jpg,2021-09-21T13:02:17Z,Robert Lewandowski ‚Ä¢ Magical Skills & Goals,293,794060,17712,629
@bundesliga,UC6UL29enLNe4mqwTfAyeNuw,dfLR2Oeyp-0,https://i.ytimg.com/vi/dfLR2Oeyp-0/sddefault.jpg,2024-04-28T22:00:15Z,Leipzig with a Statement! | RB Leipzig - Borussia Dortmund 4-1 | Matchday 31 ‚Äì Bundesliga 2023/24,238,270163,3832,114
@bundesliga,UC6UL29enLNe4mqwTfAyeNuw,mjjoWObDboY,https://i.ytimg.com/vi/mjjoWObDboY/sddefault.jpg,2022-01-11T11:00:32Z,Patrik Schick - All Goals 2021/22 so far,230,165524,3246,197
@bundesliga,UC6UL29enLNe4mqwTfAyeNuw,oLYUBykpjVc,https://i.ytimg.com/vi/oLYUBykpjVc/sddefault.jpg,2024-04-28T22:00:23Z,Kane Strikes Twice! | FC Bayern M√ºnchen - Eintracht Frankfurt 2-1 | Highlights | Matchday 31 ‚Äì BULI,236,206374,2440,85
@bundesliga,UC6UL29enLNe4mqwTfAyeNuw,J11xM8P-gcs,https://i.ytimg.com/vi/J11xM8P-gcs/sddefault.jpg,2021-10-03T22:00:06Z,Arminia Bielefeld - Bayer 04 Leverkusen 0-4 | Highlights | Matchday 7 ‚Äì Bundesliga 2021/22,124,226031,5017,112
@bundesliga,UC6UL29enLNe4mqwTfAyeNuw,5A1wwIdptEU,https://i.ytimg.com/vi/5A1wwIdptEU/sddefault.jpg,2021-07-24T10:00:02Z,Robert Lewandowski - All Bundesliga Goals 2020/21,475,964718,18234,1015
@bundesliga,UC6UL29enLNe4mqwTfAyeNuw,uaKN96wjQpo,https://i.ytimg.com/vi/uaKN96wjQpo/sddefault.jpg,2021-03-20T16:50:09Z,Haaland scores first & last goal! | FC K√∂ln - BVB | 2-2 | All Goals | Matchday 26‚ÄìBundesliga 2020/21,71,611904,11315,497
@bundesliga,UC6UL29enLNe4mqwTfAyeNuw,OmKbGOARXao,https://i.ytimg.com/vi/OmKbGOARXao/sddefault.jpg,2016-09-21T14:39:57Z,First Time in Full Length: Lewandowski's 9-Minute Miracle,639,22325818,344385,12403
@bundesliga,UC6UL29enLNe4mqwTfAyeNuw,ViMGbtB4AtQ,https://i.ytimg.com/vi/ViMGbtB4AtQ/sddefault.jpg,2021-02-05T21:21:03Z,Lewy Penalty Miss in Bayern Win | Hertha Berlin - FC Bayern M√ºnchen | 0-1 | All Goals | MD 20,65,264058,5137,248
@bundesliga,UC6UL29enLNe4mqwTfAyeNuw,QdqQGw3v3CQ,https://i.ytimg.com/vi/QdqQGw3v3CQ/sddefault.jpg,2021-04-15T15:00:24Z,Great Fair Play By Mainz Players In Relegation Battle,99,412229,10801,309
@bundesliga,UC6UL29enLNe4mqwTfAyeNuw,-sxxHK97nxs,https://i.ytimg.com/vi/-sxxHK97nxs/sddefault.jpg,2020-11-08T23:00:00Z,"Lewy & Haaland score, Kimmich injured | Dortmund - Bayern 2-3 | Highlights | Matchday 7 ‚Äì Bundesliga",187,1603965,26360,807
@bundesliga,UC6UL29enLNe4mqwTfAyeNuw,QhZDPPR__5c,https://i.ytimg.com/vi/QhZDPPR__5c/sddefault.jpg,2020-10-04T18:20:26Z,Unstoppable Lewandowski! FC Bayern - Hertha Berlin | 4-3 | All Goals | Matchday 3 ‚Äì Bundesliga 20/21,72,300460,7081,441
@bundesliga,UC6UL29enLNe4mqwTfAyeNuw,hSKPdyfZ2PU,https://i.ytimg.com/vi/hSKPdyfZ2PU/sddefault.jpg,2021-05-16T18:27:29Z,Strong BVB secure Champions League! | Mainz 05 - Borussia Dortmund | 1-3 | All Goals | Matchday 33,66,275641,6367,153
@bundesliga,UC6UL29enLNe4mqwTfAyeNuw,nGiYr0-C9js,https://i.ytimg.com/vi/nGiYr0-C9js/sddefault.jpg,2021-12-17T23:00:33Z,Most EXCITING Penalty Moments in History,523,1019512,2918,82
@bundesliga,UC6UL29enLNe4mqwTfAyeNuw,KKFfyVB92Qc,https://i.ytimg.com/vi/KKFfyVB92Qc/sddefault.jpg,2020-12-16T21:49:23Z,2x Lewandowski in Comeback Win | Bayern M√ºnchen - VfL Wolfsburg | 2-1 | All Goals | MD 12 ‚Äì 2020/21,66,218835,5092,180
@bundesliga,UC6UL29enLNe4mqwTfAyeNuw,tGJXoEk8Gpo,https://i.ytimg.com/vi/tGJXoEk8Gpo/sddefault.jpg,2020-11-21T22:27:05Z,Historic! Haaland Show and Moukoko Substitution,65,179183,3351,188
@bundesliga,UC6UL29enLNe4mqwTfAyeNuw,jGiC1vFWQ88,https://i.ytimg.com/vi/jGiC1vFWQ88/sddefault.jpg,2021-11-28T23:00:29Z,FC Bayern M√ºnchen - Arminia Bielefeld 1-0 | Highlights | Matchday 13 ‚Äì Bundesliga 2021/22,124,114327,2804,45
@bundesliga,UC6UL29enLNe4mqwTfAyeNuw,o0yAVrsBpQo,https://i.ytimg.com/vi/o0yAVrsBpQo/sddefault.jpg,2021-01-24T23:15:01Z,Arminia Bielefeld - Eintracht Frankfurt | 1-5 | Highlights | Matchday 18 ‚Äì Bundesliga 2020/21,124,146353,3371,94
@bundesliga,UC6UL29enLNe4mqwTfAyeNuw,6u_OSNs1uIc,https://i.ytimg.com/vi/6u_OSNs1uIc/sddefault.jpg,2019-04-03T08:00:00Z,Funny Pigeon on a Secret Mission in Dortmund,109,208544,8144,330
@bundesliga,UC6UL29enLNe4mqwTfAyeNuw,SKpMgjOez7E,https://i.ytimg.com/vi/SKpMgjOez7E/sddefault.jpg,2019-06-05T16:04:52Z,Luka Jovic - All Goals 2018/19,170,347876,4577,231
@bundesliga,UC6UL29enLNe4mqwTfAyeNuw,R1qETUiaiEw,https://i.ytimg.com/vi/R1qETUiaiEw/sddefault.jpg,2017-07-07T22:00:02Z,Top 10 Strange Goals - 2016/17 Season,316,184236,3284,132
@bundesliga,UC6UL29enLNe4mqwTfAyeNuw,UhHPaaJsyZI,https://i.ytimg.com/vi/UhHPaaJsyZI/sddefault.jpg,2019-12-11T11:00:06Z,Unbelievable Goalkeeper Reaction - Sommer's Super Save Shocks Bayern,80,241167,4957,286
@bundesliga,UC6UL29enLNe4mqwTfAyeNuw,lkOcU19NIew,https://i.ytimg.com/vi/lkOcU19NIew/sddefault.jpg,2020-12-05T19:46:05Z,Incredible match at top of the table! | Bayern - Leipzig | 3-3 | All Goals | MD 10 ‚Äì BL 2020/21,66,481870,9226,372
@bundesliga,UC6UL29enLNe4mqwTfAyeNuw,IISuHQ65rq8,https://i.ytimg.com/vi/IISuHQ65rq8/sddefault.jpg,2020-03-07T23:00:05Z,Goalkeeper Saves 5 Penalties In One Match - Fourth Division Saarbr√ºcken Causes Cup Sensation,149,285468,6931,300
@bundesliga,UC6UL29enLNe4mqwTfAyeNuw,v7fr_TNdTkU,https://i.ytimg.com/vi/v7fr_TNdTkU/sddefault.jpg,2017-05-02T17:00:03Z,RB Leipzig‚Äôs Secrets Unveiled - The Recipe for Success,207,122407,1697,111
@bundesliga,UC6UL29enLNe4mqwTfAyeNuw,KyA9y3tkB-o,https://i.ytimg.com/vi/KyA9y3tkB-o/sddefault.jpg,2020-09-23T15:00:06Z,Leroy San√© & Serge Gnabry - Bayern's New Dream Duo ‚ÄúSanabry‚Äù,136,188116,5372,326
@bundesliga,UC6UL29enLNe4mqwTfAyeNuw,1lyZ9fYjSvo,https://i.ytimg.com/vi/1lyZ9fYjSvo/sddefault.jpg,2021-08-13T20:54:22Z,Strong Opening Match | Borussia M'gladbach - FC Bayern M√ºnchen 1-1 | All Goals | MD 1 ‚Äì 2021/22,69,602756,12214,443
@bundesliga,UC6UL29enLNe4mqwTfAyeNuw,jlEN8VX-83k,https://i.ytimg.com/vi/jlEN8VX-83k/sddefault.jpg,2021-05-08T15:47:15Z,BVB keeps on dreaming of the CL! | BVB - Leipzig | 3-2 | All Goals | Matchday 32 ‚Äì Bundesliga 20/21,63,433089,11504,284
@bundesliga,UC6UL29enLNe4mqwTfAyeNuw,aZlBmm9Dsbo,https://i.ytimg.com/vi/aZlBmm9Dsbo/sddefault.jpg,2021-02-15T21:44:19Z,Spectacular Draw With 6 Goals | FC Bayern M√ºnchen - Arminia Bielefeld | 3-3 | All Goals | MD 21,66,218732,4074,298
@bundesliga,UC6UL29enLNe4mqwTfAyeNuw,P92CeIOfhcg,https://i.ytimg.com/vi/P92CeIOfhcg/sddefault.jpg,2020-06-03T15:00:09Z,Unluckiest Player Ever Finally Scores a Goal - In His 263rd Game,219,375285,10895,485
@bundesliga,UC6UL29enLNe4mqwTfAyeNuw,0VNeFdgkRGA,https://i.ytimg.com/vi/0VNeFdgkRGA/sddefault.jpg,2020-06-30T14:32:56Z,Achraf Hakimi - Magical Skills & Goals,200,291706,5285,313
@bundesliga,UC6UL29enLNe4mqwTfAyeNuw,1CGRAHiIczI,https://i.ytimg.com/vi/1CGRAHiIczI/sddefault.jpg,2021-12-15T11:00:01Z,Wonderkid Florian Wirtz - Leverkusen's Midfield Maestro,187,91553,2081,95
@bundesliga,UC6UL29enLNe4mqwTfAyeNuw,fF4pEoqLTRk,https://i.ytimg.com/vi/fF4pEoqLTRk/sddefault.jpg,2020-12-20T23:00:07Z,Union Berlin - Borussia Dortmund | 2-1 | Highlights | Matchday 13 ‚Äì Bundesliga 2020/21,124,73470,1514,62
@bundesliga,UC6UL29enLNe4mqwTfAyeNuw,uIfsaSuv4o8,https://i.ytimg.com/vi/uIfsaSuv4o8/sddefault.jpg,2019-03-22T23:00:03Z,Top 5 Saves - Peter Gulacsi,155,117745,3880,180
@bundesliga,UC6UL29enLNe4mqwTfAyeNuw,bDMi61bYcyg,https://i.ytimg.com/vi/bDMi61bYcyg/sddefault.jpg,2020-09-18T21:13:16Z,FC Bayern M√ºnchen - FC Schalke 04 | 8-0 | All Goals | Matchday 1 ‚Äì Bundesliga 2020/21,63,995039,20056,1634
@bundesliga,UC6UL29enLNe4mqwTfAyeNuw,NXB3DffhUJE,https://i.ytimg.com/vi/NXB3DffhUJE/sddefault.jpg,2022-02-13T16:32:59Z,Reus with a Brace | Union Berlin - Borussia Dortmund 0-3 | All Goals | MD 22 ‚Äì Bundesliga 21/22,63,400795,9290,131
@bundesliga,UC6UL29enLNe4mqwTfAyeNuw,VNMWmb4X9vE,https://i.ytimg.com/vi/VNMWmb4X9vE/sddefault.jpg,2021-01-17T19:18:51Z,Jovic at the Double! | Eintracht Frankfurt - FC Schalke 04 | 3-1 | All Goals | MD16 ‚Äì Bundesliga,69,312281,7124,518
@bundesliga,UC6UL29enLNe4mqwTfAyeNuw,tWvKZhmmfvs,https://i.ytimg.com/vi/tWvKZhmmfvs/sddefault.jpg,2022-04-08T20:48:33Z,Brandt On Fire with Haaland Assist | VfB Stuttgart - Borussia Dortmund 0-2 | All Goals | Matchday 29,72,414133,8131,142
@bundesliga,UC6UL29enLNe4mqwTfAyeNuw,1MyP-YX-61M,https://i.ytimg.com/vi/1MyP-YX-61M/sddefault.jpg,2021-10-02T15:43:20Z,8th straight home win for BVB! | Borussia Dortmund - FC Augsburg 2-1 | All Goals | MD 7 ‚Äì Bundesliga,70,288539,6743,139
@bundesliga,UC6UL29enLNe4mqwTfAyeNuw,VQ_4_A9xnD8,https://i.ytimg.com/vi/VQ_4_A9xnD8/sddefault.jpg,2016-05-27T22:00:00Z,Top 10 Funniest Moments - 2015/16,488,1169242,9300,306
@bundesliga,UC6UL29enLNe4mqwTfAyeNuw,iATkvKgTrNY,https://i.ytimg.com/vi/iATkvKgTrNY/sddefault.jpg,2022-03-16T19:52:51Z,Lucky Punch! BVB Stay in Title Race | 1. FSV Mainz 05 - Borussia Dortmund 0-1 | All Goals | MD 25,69,149887,3894,90
@bundesliga,UC6UL29enLNe4mqwTfAyeNuw,HNrxsSj3PMo,https://i.ytimg.com/vi/HNrxsSj3PMo/sddefault.jpg,2017-03-09T11:22:21Z,Xabi Alonso - Top 5 Goals,167,149468,3909,101
@bundesliga,UC6UL29enLNe4mqwTfAyeNuw,BAwNs0H5mGI,https://i.ytimg.com/vi/BAwNs0H5mGI/sddefault.jpg,2020-02-19T01:00:00Z,Erling Haaland Scores Again And Celebrates Teammates‚Äô Goals - Now 8 Goals in 5 Matches,309,849042,9546,518
@bundesliga,UC6UL29enLNe4mqwTfAyeNuw,LGS9PrESIDY,https://i.ytimg.com/vi/LGS9PrESIDY/sddefault.jpg,2021-08-21T18:37:08Z,"Diaby, Schick & Co. Too Strong | Bayer Leverkusen - Borussia M'gladbach 4-0 | All Goals | Matchday 2",68,319090,5638,247
@bundesliga,UC6UL29enLNe4mqwTfAyeNuw,Zx03-PplNeE,https://i.ytimg.com/vi/Zx03-PplNeE/sddefault.jpg,2020-11-28T16:57:18Z,Haaland Miss & Skhiri Brace to Shock BVB | Dortmund - 1. FC K√∂ln | 1-2 | All Goals | Matchday 9,71,221947,3544,252
@bundesliga,UC6UL29enLNe4mqwTfAyeNuw,FsHQIjXxVm0,https://i.ytimg.com/vi/FsHQIjXxVm0/sddefault.jpg,2020-10-31T16:58:42Z,Hummels Scores Brace to Replace Haaland as Striker,63,292601,6321,178
@bundesliga,UC6UL29enLNe4mqwTfAyeNuw,-T7ybLOxVTw,https://i.ytimg.com/vi/-T7ybLOxVTw/sddefault.jpg,2022-02-26T11:00:00Z,GREATEST Fair Play Moments in Bundesliga,536,138682,1152,33
@bundesliga,UC6UL29enLNe4mqwTfAyeNuw,uWKU_440Xx0,https://i.ytimg.com/vi/uWKU_440Xx0/sddefault.jpg,2020-10-18T22:00:07Z,M√ºller & Lewandowski Score Both Two Goals | Arminia Bielefeld - FC Bayern M√ºnchen | 1-4 | Highlights,181,233620,4770,185
@bundesliga,UC6UL29enLNe4mqwTfAyeNuw,bpo3E_oSQGE,https://i.ytimg.com/vi/bpo3E_oSQGE/sddefault.jpg,2014-10-24T21:59:18Z,Mario G√∂tze ‚Äì A Legend at just 22,181,131050,2675,358
@bundesliga,UC6UL29enLNe4mqwTfAyeNuw,G8ZjAdT8GIk,https://i.ytimg.com/vi/G8ZjAdT8GIk/sddefault.jpg,2020-03-21T23:00:05Z,"Top 10 Most Cheeky Goals of the Decade 2010-19 - Raul, M√ºller, Alonso & More",359,289385,3900,195
@bundesliga,UC6UL29enLNe4mqwTfAyeNuw,ZTo-XDw_esk,https://i.ytimg.com/vi/ZTo-XDw_esk/sddefault.jpg,2021-08-11T10:47:24Z,üîÆ Bundesliga Marble Run: 18 Clubs - 1 Champion,434,372580,13606,808
@bundesliga,UC6UL29enLNe4mqwTfAyeNuw,XU5eAnvGj1o,https://i.ytimg.com/vi/XU5eAnvGj1o/sddefault.jpg,2020-11-15T11:00:06Z,Erling Haaland - 19 Goals In Only 21 Bundesliga Games,328,361180,7569,448
@bundesliga,UC6UL29enLNe4mqwTfAyeNuw,-rsa9JaS0S0,https://i.ytimg.com/vi/-rsa9JaS0S0/sddefault.jpg,2020-08-22T18:00:01Z,Philippe Coutinho - All Goals And Assists 2019/20,386,1355583,33353,850
@bundesliga,UC6UL29enLNe4mqwTfAyeNuw,o51LBp_mwws,https://i.ytimg.com/vi/o51LBp_mwws/sddefault.jpg,2021-12-18T19:45:46Z,Hertha Triumphs Over BVB  | Hertha Berlin - Borussia Dortmund 3-2 | All Goals |  Bundesliga 2021/22,68,332833,6443,252
@bundesliga,UC6UL29enLNe4mqwTfAyeNuw,3s8qCujoQoA,https://i.ytimg.com/vi/3s8qCujoQoA/sddefault.jpg,2022-02-20T23:00:02Z,FC Bayern M√ºnchen - Greuther F√ºrth 4-1 | Highlights | Matchday 23 ‚Äì Bundesliga 2021/22,124,380511,7766,125
@bundesliga,UC6UL29enLNe4mqwTfAyeNuw,ERS4goi99fc,https://i.ytimg.com/vi/ERS4goi99fc/sddefault.jpg,2019-01-22T10:30:00Z,Kevin-Prince Boateng - Top 5 Skills,173,205928,3004,136
@bundesliga,UC6UL29enLNe4mqwTfAyeNuw,5Q_w38O3yRo,https://i.ytimg.com/vi/5Q_w38O3yRo/sddefault.jpg,2021-05-18T10:03:54Z,Robert Lewandowski - Top 5 Most Unexpected Goals 20/21 so far,201,362943,6967,425
@bundesliga,UC6UL29enLNe4mqwTfAyeNuw,IwFMUSYjbs8,https://i.ytimg.com/vi/IwFMUSYjbs8/sddefault.jpg,2022-02-06T23:00:10Z,FC Bayern M√ºnchen - RB Leipzig 3-2 | Highlights | Matchday 21 ‚Äì Bundesliga 2021/22,124,328452,6528,96