previewURL,pageURL,tags,likesProportion,pageOrientation,sizeLevel,views
https://cdn.pixabay.com/photo/2023/10/24/08/24/sailboats-8337698_150.jpg,https://pixabay.com/photos/sailboats-lake-constance-8337698/,"sailboats, lake constance, water sports",1.861,landscape,mid,7631
https://cdn.pixabay.com/photo/2021/08/27/19/55/boat-6579441_150.jpg,https://pixabay.com/photos/boat-river-forest-landscape-woods-6579441/,"boat, river, forest",0.903,landscape,large,28227
https://cdn.pixabay.com/photo/2023/07/12/18/20/boat-8123031_150.jpg,https://pixabay.com/photos/boat-sea-yacht-lake-water-ocean-8123031/,"boat, sea, yacht",1.003,landscape,large,4089
https://cdn.pixabay.com/photo/2022/07/25/08/19/lake-balaton-7343151_150.jpg,https://pixabay.com/photos/lake-balaton-lake-water-port-7343151/,"lake balaton, lake, water",2.155,landscape,large,1810
https://cdn.pixabay.com/photo/2023/10/21/18/47/boat-8332114_150.jpg,https://pixabay.com/photos/boat-lake-trees-forest-fall-8332114/,"boat, lake, trees",0.841,landscape,large,17249
https://cdn.pixabay.com/photo/2023/09/25/20/11/boat-8275962_150.jpg,https://pixabay.com/photos/boat-reflection-sea-sky-8275962/,"boat, reflection, nature",1.282,landscape,mid,15372
https://cdn.pixabay.com/photo/2023/11/29/10/32/mountains-8419249_150.jpg,https://pixabay.com/photos/mountains-lake-cruise-alps-8419249/,"mountains, lake, cruise",1.414,landscape,large,6367
https://cdn.pixabay.com/photo/2020/01/07/13/36/sea-4747601_150.jpg,https://pixabay.com/photos/sea-sunset-boat-sunrise-boat-boat-4747601/,"sea, sunset, boat",1.039,landscape,mid,12517
https://cdn.pixabay.com/photo/2024/04/06/11/00/lugu-lake-8679121_150.jpg,https://pixabay.com/photos/lugu-lake-boat-lake-blue-horizon-8679121/,"lugu lake, boat, lake",4.192,landscape,large,167
https://cdn.pixabay.com/photo/2023/09/10/13/03/boat-8244952_150.jpg,https://pixabay.com/photos/boat-lake-waves-sea-sail-boat-8244952/,"boat, lake, waves",4.288,landscape,large,583
https://cdn.pixabay.com/photo/2023/09/21/03/29/man-8265950_150.jpg,https://pixabay.com/photos/man-boat-wooden-boat-lake-trees-8265950/,"man, boat, nature",3.666,landscape,large,1882
https://cdn.pixabay.com/photo/2017/10/06/09/15/lake-2822394_150.jpg,https://pixabay.com/photos/lake-lake-balaton-water-nature-2822394/,"lake, lake balaton, blue sky",0.97,landscape,large,15870
https://cdn.pixabay.com/photo/2018/01/16/10/04/boat-3085643_150.jpg,https://pixabay.com/photos/boat-sunset-dawn-nature-waterfront-3085643/,"boat, sunset, dawn",1.203,landscape,large,16293
https://cdn.pixabay.com/photo/2022/12/06/19/16/boat-7639560_150.jpg,https://pixabay.com/photos/boat-lake-sleet-old-wooden-7639560/,"boat, lake, sleet",4.511,landscape,large,665
https://cdn.pixabay.com/photo/2024/02/05/14/13/sunset-8554635_150.jpg,https://pixabay.com/photos/sunset-lake-fisherman-boat-dusk-8554635/,"sunset, lake, fisherman",1.128,landscape,large,1152
https://cdn.pixabay.com/photo/2024/01/02/12/28/boat-8483163_150.jpg,https://pixabay.com/photos/boat-the-needle-man-fisherman-8483163/,"boat, the needle, man",1.682,landscape,large,7730
https://cdn.pixabay.com/photo/2022/08/21/14/55/seagull-7401497_150.jpg,https://pixabay.com/photos/seagull-gull-sunset-marina-boat-7401497/,"seagull, gull, sunset",0.99,landscape,mid,10401
https://cdn.pixabay.com/photo/2021/09/18/20/11/konigssee-6635951_150.jpg,https://pixabay.com/photos/konigssee-lake-germany-6635951/,"konigssee, lake, germany",0.812,landscape,mid,7637
https://cdn.pixabay.com/photo/2021/11/11/14/37/lake-6786472_150.jpg,https://pixabay.com/photos/lake-mountains-nature-travel-6786472/,"lake, mountains, nature",0.979,landscape,large,16652
https://cdn.pixabay.com/photo/2016/08/20/12/09/boat-1607395_150.jpg,https://pixabay.com/photos/boat-at-night-lake-balaton-water-1607395/,"boat, at night, lake balaton",0.845,landscape,mid,2722
https://cdn.pixabay.com/photo/2018/10/19/09/14/sailing-boat-3758189_150.jpg,https://pixabay.com/photos/sailing-boat-sunset-summer-nature-3758189/,"sailing boat, sunset, summer",0.938,portrait,large,5970
https://cdn.pixabay.com/photo/2024/01/16/21/25/copenhagen-8513129_150.jpg,https://pixabay.com/photos/copenhagen-river-denmark-8513129/,"copenhagen, river, denmark",1.024,landscape,large,10937
https://cdn.pixabay.com/photo/2023/08/28/19/28/boat-8219886_150.jpg,https://pixabay.com/photos/boat-water-rope-lake-wooden-boat-8219886/,"boat, water, rope",3.453,landscape,large,695
https://cdn.pixabay.com/photo/2024/01/18/00/36/boat-8515980_150.jpg,https://pixabay.com/photos/boat-sea-ocean-vessel-adventure-8515980/,"boat, nature, sea",0.835,portrait,large,7305
https://cdn.pixabay.com/photo/2019/07/06/18/37/boat-4320990_150.jpg,https://pixabay.com/photos/boat-wooden-boat-water-landscape-4320990/,"boat, wooden boat, water",0.94,landscape,large,14361
https://cdn.pixabay.com/photo/2021/08/24/03/25/woman-6569323_150.jpg,https://pixabay.com/photos/woman-model-pose-style-fashion-6569323/,"woman, model, pose",0.97,landscape,large,15463
https://cdn.pixabay.com/photo/2021/12/02/05/12/boat-houses-6839649_150.jpg,https://pixabay.com/photos/boat-houses-lake-boat-storage-6839649/,"boat houses, lake, nature",2.821,landscape,large,319
https://cdn.pixabay.com/photo/2022/08/26/13/44/rowing-boat-7412562_150.jpg,https://pixabay.com/photos/rowing-boat-lake-%C5%82%C3%B3d%C5%BA-wooden-boat-7412562/,"rowing boat, lake, łódź",1.138,landscape,large,10720
https://cdn.pixabay.com/photo/2020/08/29/15/03/mountains-5527253_150.jpg,https://pixabay.com/photos/mountains-boat-lake-reflections-5527253/,"mountains, boat, lake",2.614,landscape,large,2066
https://cdn.pixabay.com/photo/2023/10/20/07/49/boat-8328744_150.jpg,https://pixabay.com/photos/boat-lake-dock-coast-riverbank-8328744/,"boat, lake, dock",10.227,landscape,mid,88
https://cdn.pixabay.com/photo/2020/04/28/10/14/boat-house-5103798_150.jpg,https://pixabay.com/photos/boat-house-reflections-lake-5103798/,"boat house, reflections, lake",3.284,landscape,large,609
https://cdn.pixabay.com/photo/2019/08/20/06/42/landscape-4417906_150.jpg,https://pixabay.com/photos/landscape-rowing-boat-sunset-water-4417906/,"landscape, rowing boat, sunset",1.447,landscape,large,1866
https://cdn.pixabay.com/photo/2018/06/13/19/49/boat-3473572_150.jpg,https://pixabay.com/photos/boat-part-lake-balaton-ship-nature-3473572/,"boat, part, lake balaton",0.88,landscape,large,7046
https://cdn.pixabay.com/photo/2016/09/27/21/04/boat-1699294_150.jpg,https://pixabay.com/photos/boat-lake-water-water-lily-boat-1699294/,"boat, lake, water",1.196,landscape,mid,1087
https://cdn.pixabay.com/photo/2022/08/26/13/29/rowing-boat-7412542_150.jpg,https://pixabay.com/photos/rowing-boat-lake-%C5%82%C3%B3d%C5%BA-wooden-boat-7412542/,"rowing boat, lake, łódź",1.67,landscape,large,5268
https://cdn.pixabay.com/photo/2023/02/04/16/42/boat-7767626_150.jpg,https://pixabay.com/photos/boat-sailboat-lake-lake-como-7767626/,"boat, sailboat, lake",1.429,portrait,large,420
https://cdn.pixabay.com/photo/2021/11/21/21/41/lake-6815353_150.jpg,https://pixabay.com/photos/lake-boat-dusk-sunset-landscape-6815353/,"lake, boat, dusk",3.108,landscape,large,901
https://cdn.pixabay.com/photo/2022/07/14/18/53/rowing-boat-7321802_150.jpg,https://pixabay.com/photos/rowing-boat-lake-boat-birch-trees-7321802/,"rowing boat, lake, boat",1.383,portrait,large,506
https://cdn.pixabay.com/photo/2018/05/08/21/29/boat-3384017_150.jpg,https://pixabay.com/photos/boat-lake-kastoria-3384017/,"boat, lake, nature",1.101,landscape,large,1181
https://cdn.pixabay.com/photo/2017/08/14/14/07/boat-2640630_150.jpg,https://pixabay.com/photos/boat-lake-landscape-nature-reeds-2640630/,"boat, lake, landscape",0.867,landscape,mid,577
https://cdn.pixabay.com/photo/2019/08/09/20/40/wooden-boat-4395843_150.jpg,https://pixabay.com/photos/wooden-boat-lake-reflection-summer-4395843/,"wooden boat, lake, reflection",2.496,landscape,large,601
https://cdn.pixabay.com/photo/2023/01/17/21/04/lake-7725571_150.jpg,https://pixabay.com/photos/lake-boat-morning-calm-serenity-7725571/,"lake, boat, nature",5.344,landscape,large,262
https://cdn.pixabay.com/photo/2024/02/18/15/59/sea-8581529_150.jpg,https://pixabay.com/photos/sea-waves-sailboat-boat-catamaran-8581529/,"sea, nature, waves",1.445,landscape,large,8997
https://cdn.pixabay.com/photo/2022/01/24/16/29/mountains-6963913_150.jpg,https://pixabay.com/photos/mountains-nature-lake-travel-6963913/,"mountains, nature, lake",1.006,landscape,large,10939
https://cdn.pixabay.com/photo/2019/09/28/20/21/boat-4511720_150.jpg,https://pixabay.com/photos/boat-bird-fog-water-landscape-4511720/,"boat, bird, fog",2.267,landscape,mid,2029
https://cdn.pixabay.com/photo/2020/02/10/14/25/boat-4836647_150.jpg,https://pixabay.com/photos/boat-lake-water-landscape-nature-4836647/,"boat, lake, water",3.578,landscape,large,531
https://cdn.pixabay.com/photo/2022/09/02/09/06/vietnam-7427067_150.jpg,https://pixabay.com/photos/vietnam-lake-sunset-mountain-boat-7427067/,"vietnam, lake, sunset",3.674,landscape,large,626
https://cdn.pixabay.com/photo/2023/11/01/11/16/lake-8357182_150.jpg,https://pixabay.com/photos/lake-village-church-hallstatt-8357182/,"lake, village, church",6.291,landscape,large,15116
https://cdn.pixabay.com/photo/2021/10/28/09/00/lake-6749203_150.jpg,https://pixabay.com/photos/lake-nature-boat-travel-6749203/,"lake, nature, boat",3.937,landscape,large,254
https://cdn.pixabay.com/photo/2018/11/24/22/17/reflections-3836448_150.jpg,https://pixabay.com/photos/reflections-boat-lake-3836448/,"reflections, nature, boat",2.256,landscape,large,399
